[
  {
    "name": "Grand Theft Auto",
    "genre": "Action",
    "price": "9.99",
    "developer": "DMA Design",
    "publisher": "Rockstar Games",
    "release_date": "1997-11-28",
    "description": "The original top-down open world crime simulator that started it all.",
    "tags": ["Open World", "Crime", "Retro", "Top-Down"],
    "image": "https://cdn.akamai.steamstatic.com/steam/apps/12110/header.jpg"
  },
  {
    "name": "Grand Theft Auto 2",
    "genre": "Action",
    "price": "Free",
    "developer": "DMA Design",
    "publisher": "Rockstar Games",
    "release_date": "1999-09-30",
    "description": "Sequel to GTA 1 with improved graphics and multiple gangs battling for control.",
    "tags": ["Open World", "Retro", "Action", "Crime"],
    "image": "https://cdn.akamai.steamstatic.com/steam/apps/12120/header.jpg"
  },
  {
    "name": "Grand Theft Auto III",
    "genre": "Action",
    "price": "14.99",
    "developer": "Rockstar North",
    "publisher": "Rockstar Games",
    "release_date": "2001-10-22",
    "description": "First 3D entry in the GTA series set in Liberty City with open-world chaos.",
    "tags": ["Open World", "Crime", "Shooter", "Story Rich"],
    "image": "https://cdn.akamai.steamstatic.com/steam/apps/12100/header.jpg"
  },
  {
    "name": "Grand Theft Auto: Vice City",
    "genre": "Action",
    "price": "14.99",
    "developer": "Rockstar North",
    "publisher": "Rockstar Games",
    "release_date": "2002-10-29",
    "description": "Step into the neon-soaked 80s with fast cars, synth music, and crime.",
    "tags": ["Open World", "Crime", "Retro", "Story Rich"],
    "image": "https://cdn.akamai.steamstatic.com/steam/apps/12110/header.jpg"
  },
  {
    "name": "Grand Theft Auto: San Andreas",
    "genre": "Action",
    "price": "14.99",
    "developer": "Rockstar North",
    "publisher": "Rockstar Games",
    "release_date": "2004-10-26",
    "description": "Follow CJ’s journey through gang wars, corruption, and 90s culture in this epic open-world.",
    "tags": ["Open World", "Story Rich", "Action", "Crime"],
    "image": "https://cdn.akamai.steamstatic.com/steam/apps/12130/header.jpg"
  },
  {
    "name": "Grand Theft Auto IV",
    "genre": "Action",
    "price": "19.99",
    "developer": "Rockstar North",
    "publisher": "Rockstar Games",
    "release_date": "2008-04-29",
    "description": "Experience gritty Liberty City with Niko Bellic’s dark and emotional journey.",
    "tags": ["Open World", "Shooter", "Story Rich", "Crime"],
    "image": "https://cdn.akamai.steamstatic.com/steam/apps/12210/header.jpg"
  },
  {
    "name": "Grand Theft Auto V",
    "genre": "Action",
    "price": "29.99",
    "developer": "Rockstar North",
    "publisher": "Rockstar Games",
    "release_date": "2015-04-14",
    "description": "A blockbuster open-world game featuring three protagonists and endless chaos in Los Santos.",
    "tags": ["Open World", "Multiplayer", "Crime", "Heists"],
    "image": "https://cdn.akamai.steamstatic.com/steam/apps/271590/header.jpg"
  },
  {
    "name": "Need for Speed: Most Wanted",
    "genre": "Racing",
    "price": "9.99",
    "developer": "EA Black Box",
    "publisher": "Electronic Arts",
    "release_date": "2005-11-15",
    "description": "Climb the Blacklist in high-speed police chases and intense street races.",
    "tags": ["Racing", "Street", "Police Chase", "Arcade"],
    "image": "https://i.imgur.com/ifE0Z2Y.jpg"
  },
  {
    "name": "Need for Speed: Underground",
    "genre": "Racing",
    "price": "7.99",
    "developer": "EA Black Box",
    "publisher": "Electronic Arts",
    "release_date": "2003-11-17",
    "description": "Enter the underground racing scene with deep car customization and street cred.",
    "tags": ["Racing", "Customization", "Street", "Arcade"],
    "image": "https://i.imgur.com/l0EFlw1.jpg"
  },
  {
    "name": "Need for Speed: Underground 2",
    "genre": "Racing",
    "price": "8.99",
    "developer": "EA Black Box",
    "publisher": "Electronic Arts",
    "release_date": "2004-11-15",
    "description": "Explore a large open city with new race modes and more vehicle tuning than ever.",
    "tags": ["Racing", "Open World", "Customization", "Tuning"],
    "image": "https://i.imgur.com/xAX3ufR.jpg"
  },
  {
    "name": "Watch Dogs",
    "genre": "Action",
    "price": "14.99",
    "developer": "Ubisoft Montreal",
    "publisher": "Ubisoft",
    "release_date": "2014-05-27",
    "description": "Hack the city as Aiden Pearce in a world where information is your greatest weapon.",
    "tags": ["Hacking", "Open World", "Third-Person", "Story Rich"],
    "image": "https://cdn.akamai.steamstatic.com/steam/apps/243470/header.jpg"
  },
  {
    "name": "Sleeping Dogs",
    "genre": "Action",
    "price": "11.99",
    "developer": "United Front Games",
    "publisher": "Square Enix",
    "release_date": "2012-08-14",
    "description": "Undercover cop in Hong Kong—martial arts, crime, and a gripping story.",
    "tags": ["Open World", "Martial Arts", "Crime", "Story Rich"],
    "image": "https://cdn.akamai.steamstatic.com/steam/apps/202170/header.jpg"
  },
  {
    "name": "Saints Row IV",
    "genre": "Action",
    "price": "14.99",
    "developer": "Volition",
    "publisher": "Deep Silver",
    "release_date": "2013-08-20",
    "description": "The President of the United States gets superpowers to fight aliens in the wildest Saints Row yet.",
    "tags": ["Open World", "Superpowers", "Comedy", "Co-op"],
    "image": "https://cdn.akamai.steamstatic.com/steam/apps/206420/header.jpg"
  },
  {
    "name": "Max Payne 3",
    "genre": "Action",
    "price": "19.99",
    "developer": "Rockstar Studios",
    "publisher": "Rockstar Games",
    "release_date": "2012-05-15",
    "description": "Dive into gritty, cinematic gunfights as a retired cop haunted by the past.",
    "tags": ["Shooter", "Noir", "Bullet Time", "Story Rich"],
    "image": "https://cdn.akamai.steamstatic.com/steam/apps/204100/header.jpg"
  },
  {
    "name": "Just Cause 3",
    "genre": "Action",
    "price": "19.99",
    "developer": "Avalanche Studios",
    "publisher": "Square Enix",
    "release_date": "2015-12-01",
    "description": "Wreak havoc with a grappling hook, wingsuit, and explosives in a giant Mediterranean sandbox.",
    "tags": ["Open World", "Explosions", "Sandbox", "Physics"],
    "image": "https://cdn.akamai.steamstatic.com/steam/apps/225540/header.jpg"
  }
]
