[
    {
        "appid": "10",
        "name": "Counter-Strike",
        "release_date": "2000-11-01",
        "developer": "Valve",
        "publisher": "Valve",
        "genre": "Action",
        "price": "7.19",
        "description": "A classic multiplayer FPS where counter-terrorists face off against terrorists in bomb-defusal and hostage-rescue missions.",
        "tags": [
            "FPS",
            "Multiplayer",
            "Competitive"
        ],
        "image_url": "https://cdn.cloudflare.steamstatic.com/steam/apps/10/header.jpg"
    },
    {
        "appid": "20",
        "name": "Team Fortress Classic",
        "release_date": "1999-04-01",
        "developer": "Valve",
        "publisher": "Valve",
        "genre": "Action",
        "price": "3.99",
        "description": "A team-based multiplayer shooter with various classes, each having a unique role in battles.",
        "tags": [
            "Team-based",
            "Shooter",
            "Retro"
        ],
        "image_url": "https://cdn.cloudflare.steamstatic.com/steam/apps/20/header.jpg"
    },
    {
        "appid": "30",
        "name": "Day of Defeat",
        "release_date": "2003-05-01",
        "developer": "Valve",
        "publisher": "Valve",
        "genre": "Action",
        "price": "4.99",
        "description": "WWII multiplayer shooter that features objective-based gameplay and historically inspired weapons.",
        "tags": [
            "WWII",
            "FPS",
            "Classic"
        ],
        "image_url": "https://cdn.cloudflare.steamstatic.com/steam/apps/30/header.jpg"
    },
    {
        "appid": "50",
        "name": "Half-Life: Opposing Force",
        "release_date": "1999-11-19",
        "developer": "Gearbox Software",
        "publisher": "Valve",
        "genre": "Action",
        "price": "3.99",
        "description": "Expansion to Half-Life that lets you play as a soldier sent to contain the Black Mesa incident.",
        "tags": [
            "Sci-fi",
            "FPS",
            "Story Rich"
        ],
        "image_url": "https://cdn.cloudflare.steamstatic.com/steam/apps/50/header.jpg"
    },
    {
        "appid": "70",
        "name": "Half-Life",
        "release_date": "1998-11-08",
        "developer": "Valve",
        "publisher": "Valve",
        "genre": "Action",
        "price": "9.99",
        "description": "Legendary first-person shooter that revolutionized storytelling and physics in games.",
        "tags": [
            "Classic",
            "FPS",
            "Sci-fi"
        ],
        "image_url": "https://cdn.cloudflare.steamstatic.com/steam/apps/70/header.jpg"
    },
    {
        "appid": "80",
        "name": "Counter-Strike: Condition Zero",
        "release_date": "2004-03-01",
        "developer": "Valve",
        "publisher": "Valve",
        "genre": "Action",
        "price": "8.19",
        "description": "Upgraded version of Counter-Strike with new missions and enhanced visuals.",
        "tags": [
            "FPS",
            "Tactical",
            "Singleplayer"
        ],
        "image_url": "https://cdn.cloudflare.steamstatic.com/steam/apps/80/header.jpg"
    },
    {
        "appid": "100",
        "name": "Counter-Strike: Condition Zero Deleted Scenes",
        "release_date": "2004-03-01",
        "developer": "Valve",
        "publisher": "Valve",
        "genre": "Action",
        "price": "8.19",
        "description": "Standalone missions from Condition Zero with story-driven objectives.",
        "tags": [
            "FPS",
            "Narrative",
            "Action"
        ],
        "image_url": "https://cdn.cloudflare.steamstatic.com/steam/apps/100/header.jpg"
    },
    {
        "appid": "220",
        "name": "Half-Life 2",
        "release_date": "2004-11-16",
        "developer": "Valve",
        "publisher": "Valve",
        "genre": "Action",
        "price": "9.99",
        "description": "Award-winning FPS that continues Gordon Freeman\u2019s journey in a dystopian future.",
        "tags": [
            "Story Rich",
            "FPS",
            "Physics"
        ],
        "image_url": "https://cdn.cloudflare.steamstatic.com/steam/apps/220/header.jpg"
    },
    {
        "appid": "240",
        "name": "Counter-Strike: Source",
        "release_date": "2004-11-01",
        "developer": "Valve",
        "publisher": "Valve",
        "genre": "Action",
        "price": "9.99",
        "description": "Source engine remake of the original Counter-Strike with updated visuals and physics.",
        "tags": [
            "FPS",
            "Classic",
            "Multiplayer"
        ],
        "image_url": "https://cdn.cloudflare.steamstatic.com/steam/apps/240/header.jpg"
    },
    {
        "appid": "300",
        "name": "Day of Defeat: Source",
        "release_date": "2005-09-26",
        "developer": "Valve",
        "publisher": "Valve",
        "genre": "Action",
        "price": "9.99",
        "description": "Remastered WWII shooter with improved graphics and effects using the Source engine.",
        "tags": [
            "WWII",
            "FPS",
            "Team-based"
        ],
        "image_url": "https://cdn.cloudflare.steamstatic.com/steam/apps/300/header.jpg"
    },
    {
        "appid": "320",
        "name": "Half-Life 2: Deathmatch",
        "release_date": "2004-11-30",
        "developer": "Valve",
        "publisher": "Valve",
        "genre": "Action",
        "price": "4.99",
        "description": "Multiplayer deathmatch with Half-Life 2 weapons and physics.",
        "tags": [
            "Multiplayer",
            "FPS",
            "Physics"
        ],
        "image_url": "https://cdn.cloudflare.steamstatic.com/steam/apps/320/header.jpg"
    },
    {
        "appid": "380",
        "name": "Half-Life 2: Episode One",
        "release_date": "2006-06-01",
        "developer": "Valve",
        "publisher": "Valve",
        "genre": "Action",
        "price": "7.99",
        "description": "Follow-up to Half-Life 2 that explores the aftermath of the Citadel explosion.",
        "tags": [
            "Story Rich",
            "Sci-fi",
            "FPS"
        ],
        "image_url": "https://cdn.cloudflare.steamstatic.com/steam/apps/380/header.jpg"
    },
    {
        "appid": "400",
        "name": "Portal",
        "release_date": "2007-10-10",
        "developer": "Valve",
        "publisher": "Valve",
        "genre": "Puzzle",
        "price": "9.99",
        "description": "Innovative puzzle-platformer with portals and witty AI companion GLaDOS.",
        "tags": [
            "Puzzle",
            "Physics",
            "Humor"
        ],
        "image_url": "https://cdn.cloudflare.steamstatic.com/steam/apps/400/header.jpg"
    },
    {
        "appid": "420",
        "name": "Half-Life 2: Episode Two",
        "release_date": "2007-10-10",
        "developer": "Valve",
        "publisher": "Valve",
        "genre": "Action",
        "price": "7.99",
        "description": "Final chapter in the Half-Life 2 saga with emotional depth and stunning battles.",
        "tags": [
            "Story Rich",
            "Sci-fi",
            "FPS"
        ],
        "image_url": "https://cdn.cloudflare.steamstatic.com/steam/apps/420/header.jpg"
    },
    {
        "appid": "500",
        "name": "Left 4 Dead",
        "release_date": "2008-11-17",
        "developer": "Valve",
        "publisher": "Valve",
        "genre": "Action",
        "price": "9.99",
        "description": "Co-op zombie shooter where four survivors fight their way through infected hordes.",
        "tags": [
            "Zombies",
            "Co-op",
            "Survival"
        ],
        "image_url": "https://cdn.cloudflare.steamstatic.com/steam/apps/500/header.jpg"
    }
]